{"stat.walkOneCm":40875,"achievement.openInventory":6,"stat.horseOneCm":11977,"stat.leaveGame":1,"stat.damageTaken":50,"stat.flyOneCm":18837,"stat.deaths":1,"stat.jump":139,"stat.swimOneCm":2880,"stat.playOneMinute":7268,"stat.fallOneCm":3432,"stat.damageDealt":10,"stat.crouchOneCm":557,"stat.timeSinceDeath":38,"stat.useItem.minecraft.dirt":1,"stat.mineBlock.minecraft.dirt":1,"stat.sprintOneCm":18888,"achievement.exploreAllBiomes":{"value":0,"progress":["Birch Forest Hills","DesertHills","Birch Forest","River","Plains","Desert"]},"stat.mineBlock.minecraft.tallgrass":2,"stat.diveOneCm":1838}